group_id,mae,rmse,n_points,group_label
622,4.314849067989118,5.386969651875115,33,Western and Inland Finland | Keski-Suomi | Jyväskylä | Private | Flat/Hybrid | Low
39,5.4605160548087985,7.090110288784327,33,Eastern Finland | Pohjois-Karjala | Joensuu | Private | Flat/Hybrid | Low
705,5.806988445422256,7.536636893952077,33,Western and Inland Finland | Pirkanmaa | Tampere | Private | Flat/Hybrid | Low
301,7.3685476799970875,8.545007726861266,33,Southern Finland | Kanta-Häme | Kanta-Häme | Private | Flat/Hybrid | Low
196,7.105568206146898,8.697631965067742,33,Northern Finland | Pohjois-Pohjanmaa | Oulu | Private | Flat/Hybrid | Low
447,8.12331280911214,9.628947292008872,33,Southern Finland | Uusimaa | Uusimaa_Others | Private | Flat/Hybrid | Low
691,8.55219914335477,10.89093798911152,33,Western and Inland Finland | Pirkanmaa | Pirkanmaa_Others | Private | Flat/Hybrid | Low
398,9.595120046121517,11.17527310196102,33,Southern Finland | Uusimaa | Espoo | Private | Flat/Hybrid | Low
346,7.16812343222101,11.888547290797199,33,Southern Finland | Päijät-Häme | Lahti | Private | Flat/Hybrid | Low
347,10.292122381711891,13.257304744234569,33,Southern Finland | Päijät-Häme | Lahti | Private | Spot Price | Low
37,10.931956783006356,13.798870843433999,33,Eastern Finland | Pohjois-Karjala | Joensuu | Private | Fixed Price | Low
231,11.364730650545376,13.98710980989646,33,Northern Finland | Pohjois-Pohjanmaa | Pohjois-Pohjanmaa_Others | Private | Flat/Hybrid | Low
707,11.878330699653938,15.100887138757816,33,Western and Inland Finland | Pirkanmaa | Tampere | Private | Spot Price | Low
40,12.326190141570905,15.201935615471408,33,Eastern Finland | Pohjois-Karjala | Joensuu | Private | Spot Price | Low
298,12.767272231088686,16.177204695639265,33,Southern Finland | Kanta-Häme | Kanta-Häme | Private | Fixed Price | Low
459,13.06608996586192,16.23326428737352,33,Southern Finland | Uusimaa | Vantaa | Private | Fixed Price | Low
42,12.976475652112878,16.470966382365976,33,Eastern Finland | Pohjois-Karjala | Joensuu | Private | Variable Price | Low
468,12.617955725994404,16.486373852393967,33,Southwestern Finland | Satakunta | Pori | Private | Spot Price | Low
709,13.276503918078896,17.961471674023826,33,Western and Inland Finland | Pirkanmaa | Tampere | Private | Variable Price | Low
396,15.045881401086552,19.072290688469884,33,Southern Finland | Uusimaa | Espoo | Private | Fixed Price | Low
201,13.67437504054224,19.163011094895722,33,Northern Finland | Pohjois-Pohjanmaa | Oulu | Private | Variable Price | Low
626,15.339065818898836,19.958658989609656,33,Western and Inland Finland | Keski-Suomi | Jyväskylä | Private | Variable Price | Low
624,16.182825456305455,21.049780774007466,33,Western and Inland Finland | Keski-Suomi | Jyväskylä | Private | Spot Price | Low
307,15.08730060214822,21.28466546615585,33,Southern Finland | Kanta-Häme | Kanta-Häme | Private | Variable Price | Low
199,17.778721197264492,22.011305836463066,33,Northern Finland | Pohjois-Pohjanmaa | Oulu | Private | Spot Price | Low
404,17.853390644397482,22.407696288482114,33,Southern Finland | Uusimaa | Espoo | Private | Variable Price | Low
270,17.989450844515442,22.54033290087809,33,Southern Finland | Etelä-Karjala | Lappeenranta | Private | Spot Price | Low
157,19.585777922513785,23.944001891570927,33,Lapland | Lappi | Rovaniemi | Private | Spot Price | Low
697,18.00845304614152,24.091821413631504,33,Western and Inland Finland | Pirkanmaa | Pirkanmaa_Others | Private | Variable Price | Low
541,18.931028133385603,24.496338023505395,33,Southwestern Finland | Varsinais-Suomi | Varsinais-Suomi_Others | Private | Fixed Price | Low
29,18.580264793154978,24.81280697280574,33,Eastern Finland | Etelä-Savo | Etelä-Savo | Private | Spot Price | Low
401,19.47408455104803,25.074323816337973,33,Southern Finland | Uusimaa | Espoo | Private | Spot Price | Low
694,21.41759128897514,27.92870543411942,33,Western and Inland Finland | Pirkanmaa | Pirkanmaa_Others | Private | Spot Price | Low
585,21.288855750003023,28.613788109365075,33,Western and Inland Finland | Etelä-Pohjanmaa | Etelä-Pohjanmaa | Private | Variable Price | Low
237,23.29563449004176,28.95300282012434,33,Northern Finland | Pohjois-Pohjanmaa | Pohjois-Pohjanmaa_Others | Private | Variable Price | Low
450,22.040768434958267,29.056795148073643,33,Southern Finland | Uusimaa | Uusimaa_Others | Private | Spot Price | Low
304,22.624539188985388,30.121698979151866,33,Southern Finland | Kanta-Häme | Kanta-Häme_Others | Private | Spot Price | Low
151,23.53944461995368,32.44937556639206,33,Lapland | Lappi | Lappi_Others | Private | Spot Price | Low
658,24.145009466190864,33.52475770880076,33,Western and Inland Finland | Keski-Suomi | Keski-Suomi_Others | Private | Spot Price | Low
740,24.400757171089037,33.916289015357485,33,Western and Inland Finland | Pohjanmaa | Pohjanmaa | Private | Variable Price | Low
234,26.603536492406338,34.10865756231216,33,Northern Finland | Pohjois-Pohjanmaa | Pohjois-Pohjanmaa_Others | Private | Spot Price | Low
582,26.77724384935441,34.892025817566854,33,Western and Inland Finland | Etelä-Pohjanmaa | Etelä-Pohjanmaa | Private | Spot Price | Low
706,24.148221035924333,34.97670741153411,33,Western and Inland Finland | Pirkanmaa | Tampere | Private | Flat/Hybrid | Medium
460,30.679309060036246,38.59014276238088,33,Southern Finland | Uusimaa | Vantaa | Private | Fixed Price | Medium
387,32.10544671637831,39.98900496798315,33,Southern Finland | Uusimaa | Espoo | Enterprise | Portfolio | Low
399,31.367291835853806,46.13394269708091,33,Southern Finland | Uusimaa | Espoo | Private | Flat/Hybrid | Medium
397,34.50405448142331,47.89671260121767,33,Southern Finland | Uusimaa | Espoo | Private | Fixed Price | Medium
393,47.2321700219445,55.23308535087059,33,Southern Finland | Uusimaa | Espoo | Enterprise | Variable Price | Low
197,42.814513064738726,61.90129577685441,33,Northern Finland | Pohjois-Pohjanmaa | Oulu | Private | Flat/Hybrid | Medium
623,40.84550722172058,63.862504570080205,33,Western and Inland Finland | Keski-Suomi | Jyväskylä | Private | Flat/Hybrid | Medium
38,46.76419937088739,65.57879776859873,33,Eastern Finland | Pohjois-Karjala | Joensuu | Private | Fixed Price | Medium
36,53.08484293819064,66.362957030544,33,Eastern Finland | Pohjois-Karjala | Joensuu | Enterprise | Variable Price | Low
708,55.14375716503544,71.0368741694538,33,Western and Inland Finland | Pirkanmaa | Tampere | Private | Spot Price | Medium
402,57.9970003115343,75.34819501157796,33,Southern Finland | Uusimaa | Espoo | Private | Spot Price | Medium
466,56.31062500897167,76.85278084530441,33,Southern Finland | Uusimaa | Vantaa | Private | Variable Price | Medium
625,57.33476847689979,77.60341840676443,33,Western and Inland Finland | Keski-Suomi | Jyväskylä | Private | Spot Price | Medium
295,55.731114501053646,77.88553589171303,33,Southern Finland | Kanta-Häme | Kanta-Häme | Enterprise | Variable Price | Low
385,65.93756864795488,80.58934297312796,33,Southern Finland | Uusimaa | Espoo | Enterprise | Fixed Price | Low
200,64.39688493532203,83.35962517930744,33,Northern Finland | Pohjois-Pohjanmaa | Oulu | Private | Spot Price | Medium
405,63.01841468728785,85.27199327379414,33,Southern Finland | Uusimaa | Espoo | Private | Variable Price | Medium
573,69.80210565423558,89.3349598189019,33,Western and Inland Finland | Etelä-Pohjanmaa | Etelä-Pohjanmaa | Enterprise | Variable Price | Low
348,67.706923114152,90.31102708071381,33,Southern Finland | Päijät-Häme | Lahti | Private | Spot Price | Medium
41,68.6975493000962,93.05128260888682,33,Eastern Finland | Pohjois-Karjala | Joensuu | Private | Spot Price | Medium
43,67.4550196115856,95.86984686748401,33,Eastern Finland | Pohjois-Karjala | Joensuu | Private | Variable Price | Medium
225,71.05669326330586,97.43192156514107,33,Northern Finland | Pohjois-Pohjanmaa | Pohjois-Pohjanmaa_Others | Enterprise | Variable Price | Low
538,73.94316393306157,97.85014219883634,33,Southwestern Finland | Varsinais-Suomi | Varsinais-Suomi_Others | Enterprise | Variable Price | Low
213,77.6836852871817,100.30438813823345,33,Northern Finland | Pohjois-Pohjanmaa | Pohjois-Pohjanmaa | Enterprise | Fixed Price | Low
390,74.57099775964863,104.6939672371838,33,Southern Finland | Uusimaa | Espoo | Enterprise | Spot Price | Low
271,78.56125152253976,105.03803782479655,33,Southern Finland | Etelä-Karjala | Lappeenranta | Private | Spot Price | Medium
561,90.09235774541598,112.62827284744476,33,Western and Inland Finland | Etelä-Pohjanmaa | Etelä-Pohjanmaa | Enterprise | Fixed Price | Low
577,83.1325491410072,116.8792636515405,33,Western and Inland Finland | Etelä-Pohjanmaa | Etelä-Pohjanmaa | Private | Fixed Price | Medium
682,86.1139908865309,118.879043919381,33,Western and Inland Finland | Pirkanmaa | Pirkanmaa_Others | Enterprise | Spot Price | Low
73,67.73649230656034,121.07635671667252,33,Eastern Finland | Pohjois-Karjala | Pohjois-Karjala | Private | Flat/Hybrid | Medium
542,91.14147683557421,129.0346167568127,33,Southwestern Finland | Varsinais-Suomi | Varsinais-Suomi_Others | Private | Fixed Price | Medium
586,91.91134978468912,130.75033648246807,33,Western and Inland Finland | Etelä-Pohjanmaa | Etelä-Pohjanmaa | Private | Variable Price | Medium
570,94.92071462279507,131.71345295538282,33,Western and Inland Finland | Etelä-Pohjanmaa | Etelä-Pohjanmaa | Enterprise | Spot Price | Low
238,96.63267892678222,136.97477632203154,33,Northern Finland | Pohjois-Pohjanmaa | Pohjois-Pohjanmaa_Others | Private | Variable Price | Medium
222,112.5380587314307,139.71760241713397,33,Northern Finland | Pohjois-Pohjanmaa | Pohjois-Pohjanmaa_Others | Enterprise | Spot Price | Low
583,107.26360485417597,146.38911920026325,33,Western and Inland Finland | Etelä-Pohjanmaa | Etelä-Pohjanmaa | Private | Spot Price | Medium
469,111.10991619444512,149.54689730217734,33,Southwestern Finland | Satakunta | Pori | Private | Spot Price | Medium
149,88.83807520253718,150.39490749101483,33,Lapland | Lappi | Lappi | Private | Flat/Hybrid | Medium
308,102.09480665997951,152.64604951343685,33,Southern Finland | Kanta-Häme | Kanta-Häme | Private | Variable Price | Medium
698,102.50481743962821,153.69560811931515,33,Western and Inland Finland | Pirkanmaa | Pirkanmaa_Others | Private | Variable Price | Medium
741,109.95274140542094,157.08899020596755,33,Western and Inland Finland | Pohjanmaa | Pohjanmaa | Private | Variable Price | Medium
695,114.36005303161573,157.7184818437198,33,Western and Inland Finland | Pirkanmaa | Pirkanmaa_Others | Private | Spot Price | Medium
738,117.41550694318637,161.2646504037958,33,Western and Inland Finland | Pohjanmaa | Pohjanmaa | Private | Spot Price | Medium
302,98.01591308436693,161.46680751560226,33,Southern Finland | Kanta-Häme | Kanta-Häme | Private | Flat/Hybrid | Medium
692,95.05176605653564,166.19413467155695,33,Western and Inland Finland | Pirkanmaa | Pirkanmaa_Others | Private | Flat/Hybrid | Medium
116,128.31192021465202,178.39306478631082,33,Eastern Finland | Pohjois-Savo | Pohjois-Savo_Others | Private | Spot Price | Medium
235,131.2065319971296,180.36513608102987,33,Northern Finland | Pohjois-Pohjanmaa | Pohjois-Pohjanmaa_Others | Private | Spot Price | Medium
580,115.49049079599423,182.1961185108856,33,Western and Inland Finland | Etelä-Pohjanmaa | Etelä-Pohjanmaa | Private | Flat/Hybrid | Medium
30,129.56933297744405,185.87683965998127,33,Eastern Finland | Etelä-Savo | Etelä-Savo | Private | Spot Price | Medium
659,137.86882828309203,195.0648266140841,33,Western and Inland Finland | Keski-Suomi | Keski-Suomi_Others | Private | Spot Price | Medium
380,140.27760138143643,199.06403089818002,33,Southern Finland | Päijät-Häme | Päijät-Häme_Others | Private | Spot Price | Medium
76,141.06739139052408,200.03736532553498,33,Eastern Finland | Pohjois-Karjala | Pohjois-Karjala_Others | Private | Spot Price | Medium
394,218.50894385719084,270.74083180479187,33,Southern Finland | Uusimaa | Espoo | Enterprise | Variable Price | Medium
152,219.11332475085302,283.5532920003421,33,Lapland | Lappi | Lappi | Private | Spot Price | Medium
305,232.3446716095067,321.24150454159206,33,Southern Finland | Kanta-Häme | Kanta-Häme | Private | Spot Price | Medium
395,250.08242708753167,336.58151142824,33,Southern Finland | Uusimaa | Espoo | Private | Fixed Price | High
391,320.13594053001236,416.346473008751,33,Southern Finland | Uusimaa | Espoo | Enterprise | Spot Price | Medium
581,338.18561706372446,472.6326171444346,33,Western and Inland Finland | Etelä-Pohjanmaa | Etelä-Pohjanmaa | Private | Spot Price | High
400,351.2799662561034,474.61479862763133,33,Southern Finland | Uusimaa | Espoo | Private | Spot Price | High
198,352.31839643446045,482.0992170224706,33,Northern Finland | Pohjois-Pohjanmaa | Oulu | Private | Spot Price | High
233,360.09218509687804,493.55377269583295,33,Northern Finland | Pohjois-Pohjanmaa | Pohjois-Pohjanmaa_Others | Private | Spot Price | High
403,478.7618639158388,592.3968949709191,33,Southern Finland | Uusimaa | Espoo | Private | Variable Price | High
657,658.6357104178439,937.8106858812575,33,Western and Inland Finland | Keski-Suomi | Keski-Suomi | Private | Spot Price | High
74,658.3984214324828,957.5635025442278,33,Eastern Finland | Pohjois-Karjala | Pohjois-Karjala | Private | Spot Price | High
693,682.7077152462206,977.0571499779688,33,Western and Inland Finland | Pirkanmaa | Pirkanmaa | Private | Spot Price | High
28,711.3446808486179,1013.1120294949815,33,Eastern Finland | Etelä-Savo | Etelä-Savo | Private | Spot Price | High
303,730.6726097414714,1018.8097477766039,33,Southern Finland | Kanta-Häme | Kanta-Häme | Private | Spot Price | High
150,782.744274561,1021.3257733777084,33,Lapland | Lappi | Lappi | Private | Spot Price | High
378,731.5955495291108,1039.5908432133292,33,Southern Finland | Päijät-Häme | Päijät-Häme | Private | Spot Price | High
