group_id,mae,rmse,n_points,group_label
307,0.00952552175948843,0.013409562929810171,32832,Southern Finland | Kanta-Häme | Kanta-Häme | Private | Variable Price | Low
585,0.01013091373716539,0.014310418704858665,32832,Western and Inland Finland | Etelä-Pohjanmaa | Etelä-Pohjanmaa | Private | Variable Price | Low
697,0.010318260562854613,0.014431847289043228,32832,Western and Inland Finland | Pirkanmaa | Pirkanmaa_Others | Private | Variable Price | Low
404,0.008938116423576725,0.014469827247647431,32832,Southern Finland | Uusimaa | Espoo | Private | Variable Price | Low
42,0.009443146384357106,0.014724240145652118,32832,Eastern Finland | Pohjois-Karjala | Joensuu | Private | Variable Price | Low
740,0.011311874531056594,0.016110028966318714,32832,Western and Inland Finland | Pohjanmaa | Pohjanmaa | Private | Variable Price | Low
298,0.011226377145478908,0.01616838065037506,32832,Southern Finland | Kanta-Häme | Kanta-Häme | Private | Fixed Price | Low
237,0.012025052419963862,0.0170029777125857,32832,Northern Finland | Pohjois-Pohjanmaa | Pohjois-Pohjanmaa_Others | Private | Variable Price | Low
37,0.011139065820671314,0.0173164674252346,32832,Eastern Finland | Pohjois-Karjala | Joensuu | Private | Fixed Price | Low
447,0.011445449524406149,0.01778174239547227,32832,Southern Finland | Uusimaa | Uusimaa_Others | Private | Flat/Hybrid | Low
201,0.012892786940294807,0.01808308384593814,32832,Northern Finland | Pohjois-Pohjanmaa | Oulu | Private | Variable Price | Low
396,0.010930685284554334,0.018137234737871658,32832,Southern Finland | Uusimaa | Espoo | Private | Fixed Price | Low
709,0.012087853601296229,0.018143948730685085,32832,Western and Inland Finland | Pirkanmaa | Tampere | Private | Variable Price | Low
301,0.012608732998602965,0.018349850373542052,32832,Southern Finland | Kanta-Häme | Kanta-Häme | Private | Flat/Hybrid | Low
622,0.0126385714149608,0.018379293752024337,32832,Western and Inland Finland | Keski-Suomi | Jyväskylä | Private | Flat/Hybrid | Low
707,0.011887206647791797,0.01864275818837673,32832,Western and Inland Finland | Pirkanmaa | Tampere | Private | Spot Price | Low
624,0.0123764735093725,0.018731407611705515,32832,Western and Inland Finland | Keski-Suomi | Jyväskylä | Private | Spot Price | Low
705,0.012449451505681292,0.01882062751114137,32832,Western and Inland Finland | Pirkanmaa | Tampere | Private | Flat/Hybrid | Low
626,0.013237831462907773,0.019009045439463895,32832,Western and Inland Finland | Keski-Suomi | Jyväskylä | Private | Variable Price | Low
39,0.012990379279109248,0.01907332574547593,32832,Eastern Finland | Pohjois-Karjala | Joensuu | Private | Flat/Hybrid | Low
199,0.01319463198857993,0.019440137223790233,32832,Northern Finland | Pohjois-Pohjanmaa | Oulu | Private | Spot Price | Low
347,0.013052798271986665,0.019456216960577182,32832,Southern Finland | Päijät-Häme | Lahti | Private | Spot Price | Low
398,0.012455582447963487,0.019547436924490357,32832,Southern Finland | Uusimaa | Espoo | Private | Flat/Hybrid | Low
40,0.013433321336467746,0.019643185167076693,32832,Eastern Finland | Pohjois-Karjala | Joensuu | Private | Spot Price | Low
196,0.014036671879642228,0.01990492443633523,32832,Northern Finland | Pohjois-Pohjanmaa | Oulu | Private | Flat/Hybrid | Low
582,0.014528796346884839,0.020056781234073107,32832,Western and Inland Finland | Etelä-Pohjanmaa | Etelä-Pohjanmaa | Private | Spot Price | Low
694,0.014221311592998536,0.020300168176096783,32832,Western and Inland Finland | Pirkanmaa | Pirkanmaa_Others | Private | Spot Price | Low
450,0.01362795673858275,0.02051633077924387,32832,Southern Finland | Uusimaa | Uusimaa_Others | Private | Spot Price | Low
691,0.014252303478094442,0.020726765955257697,32832,Western and Inland Finland | Pirkanmaa | Pirkanmaa_Others | Private | Flat/Hybrid | Low
346,0.014218266257593227,0.020789938946793114,32832,Southern Finland | Päijät-Häme | Lahti | Private | Flat/Hybrid | Low
459,0.013034908107568494,0.02080288358413538,32832,Southern Finland | Uusimaa | Vantaa | Private | Fixed Price | Low
401,0.013073354368914866,0.02114096125355274,32832,Southern Finland | Uusimaa | Espoo | Private | Spot Price | Low
304,0.015243932003601019,0.021449353784086828,32832,Southern Finland | Kanta-Häme | Kanta-Häme_Others | Private | Spot Price | Low
468,0.015669719100132342,0.022084053429340767,32832,Southwestern Finland | Satakunta | Pori | Private | Spot Price | Low
541,0.015531332199673092,0.022180177880014224,32832,Southwestern Finland | Varsinais-Suomi | Varsinais-Suomi_Others | Private | Fixed Price | Low
270,0.015215654991832972,0.02228870070448008,32832,Southern Finland | Etelä-Karjala | Lappeenranta | Private | Spot Price | Low
151,0.0164981579574967,0.02271747783283139,32832,Lapland | Lappi | Lappi_Others | Private | Spot Price | Low
29,0.016267307133530234,0.022996747501973766,32832,Eastern Finland | Etelä-Savo | Etelä-Savo | Private | Spot Price | Low
658,0.01674328936321745,0.023274250359417645,32832,Western and Inland Finland | Keski-Suomi | Keski-Suomi_Others | Private | Spot Price | Low
157,0.01744353465988907,0.025010375513668977,32832,Lapland | Lappi | Rovaniemi | Private | Spot Price | Low
234,0.018171300305507683,0.025425599551694614,32832,Northern Finland | Pohjois-Pohjanmaa | Pohjois-Pohjanmaa_Others | Private | Spot Price | Low
231,0.021479486118631087,0.031626165890473054,32832,Northern Finland | Pohjois-Pohjanmaa | Pohjois-Pohjanmaa_Others | Private | Flat/Hybrid | Low
390,0.028630992949082244,0.0402604441107863,32832,Southern Finland | Uusimaa | Espoo | Enterprise | Spot Price | Low
706,0.03162672074289569,0.04598887913685335,32832,Western and Inland Finland | Pirkanmaa | Tampere | Private | Flat/Hybrid | Medium
399,0.030833869041617373,0.04812834294590411,32832,Southern Finland | Uusimaa | Espoo | Private | Flat/Hybrid | Medium
623,0.03628456208371684,0.05201333688996513,32832,Western and Inland Finland | Keski-Suomi | Jyväskylä | Private | Flat/Hybrid | Medium
197,0.037091725882302175,0.05250102052772996,32832,Northern Finland | Pohjois-Pohjanmaa | Oulu | Private | Flat/Hybrid | Medium
405,0.035099079404875166,0.053565220224167875,32832,Southern Finland | Uusimaa | Espoo | Private | Variable Price | Medium
460,0.03821550638609522,0.05731154649264581,32832,Southern Finland | Uusimaa | Vantaa | Private | Fixed Price | Medium
397,0.03755930942319257,0.057790496127438334,32832,Southern Finland | Uusimaa | Espoo | Private | Fixed Price | Medium
708,0.03888801147622475,0.05779191967429779,32832,Western and Inland Finland | Pirkanmaa | Tampere | Private | Spot Price | Medium
466,0.041577834948805154,0.058704426091038445,32832,Southern Finland | Uusimaa | Vantaa | Private | Variable Price | Medium
538,0.040730332689973406,0.06026207513836436,32832,Southwestern Finland | Varsinais-Suomi | Varsinais-Suomi_Others | Enterprise | Variable Price | Low
73,0.04186637091871456,0.06194724624320587,32832,Eastern Finland | Pohjois-Karjala | Pohjois-Karjala | Private | Flat/Hybrid | Medium
149,0.045876796227900564,0.06646320540216871,32832,Lapland | Lappi | Lappi | Private | Flat/Hybrid | Medium
573,0.04360553554328013,0.06729385181845841,32832,Western and Inland Finland | Etelä-Pohjanmaa | Etelä-Pohjanmaa | Enterprise | Variable Price | Low
225,0.047322179713247134,0.06795874896270288,32832,Northern Finland | Pohjois-Pohjanmaa | Pohjois-Pohjanmaa_Others | Enterprise | Variable Price | Low
302,0.045895526330860956,0.06903679906637578,32832,Southern Finland | Kanta-Häme | Kanta-Häme | Private | Flat/Hybrid | Medium
402,0.045218383416274495,0.06939292577993898,32832,Southern Finland | Uusimaa | Espoo | Private | Spot Price | Medium
43,0.046950852463777386,0.0700057224667365,32832,Eastern Finland | Pohjois-Karjala | Joensuu | Private | Variable Price | Medium
393,0.041823161050343796,0.07237025542161099,32832,Southern Finland | Uusimaa | Espoo | Enterprise | Variable Price | Low
295,0.050850502231676455,0.0739820760669076,32832,Southern Finland | Kanta-Häme | Kanta-Häme | Enterprise | Variable Price | Low
200,0.05119393885335215,0.07440051467108975,32832,Northern Finland | Pohjois-Pohjanmaa | Oulu | Private | Spot Price | Medium
625,0.050656625286685936,0.07488512026835868,32832,Western and Inland Finland | Keski-Suomi | Jyväskylä | Private | Spot Price | Medium
692,0.050200017657598996,0.0751013706975915,32832,Western and Inland Finland | Pirkanmaa | Pirkanmaa_Others | Private | Flat/Hybrid | Medium
580,0.052634503156203515,0.07715811831085401,32832,Western and Inland Finland | Etelä-Pohjanmaa | Etelä-Pohjanmaa | Private | Flat/Hybrid | Medium
38,0.05410703888321888,0.07988830295876655,32832,Eastern Finland | Pohjois-Karjala | Joensuu | Private | Fixed Price | Medium
570,0.05837487530361082,0.08020572907618202,32832,Western and Inland Finland | Etelä-Pohjanmaa | Etelä-Pohjanmaa | Enterprise | Spot Price | Low
348,0.05677269089251945,0.08241028948611742,32832,Southern Finland | Päijät-Häme | Lahti | Private | Spot Price | Medium
222,0.06161150730335042,0.08279410592272952,32832,Northern Finland | Pohjois-Pohjanmaa | Pohjois-Pohjanmaa_Others | Enterprise | Spot Price | Low
586,0.05875902298364384,0.0868192753407243,32832,Western and Inland Finland | Etelä-Pohjanmaa | Etelä-Pohjanmaa | Private | Variable Price | Medium
41,0.06109474896529232,0.08903172659061537,32832,Eastern Finland | Pohjois-Karjala | Joensuu | Private | Spot Price | Medium
682,0.06651214736003433,0.09096196643106425,32832,Western and Inland Finland | Pirkanmaa | Pirkanmaa_Others | Enterprise | Spot Price | Low
271,0.06380051752287719,0.09280213488495803,32832,Southern Finland | Etelä-Karjala | Lappeenranta | Private | Spot Price | Medium
698,0.06461992414994158,0.0945186518952532,32832,Western and Inland Finland | Pirkanmaa | Pirkanmaa_Others | Private | Variable Price | Medium
308,0.06493882632957063,0.09495260702019329,32832,Southern Finland | Kanta-Häme | Kanta-Häme | Private | Variable Price | Medium
238,0.06595108274739112,0.0955108888083262,32832,Northern Finland | Pohjois-Pohjanmaa | Pohjois-Pohjanmaa_Others | Private | Variable Price | Medium
385,0.06287459617876434,0.09914245725040641,32832,Southern Finland | Uusimaa | Espoo | Enterprise | Fixed Price | Low
741,0.06582454201639308,0.09922730347949442,32832,Western and Inland Finland | Pohjanmaa | Pohjanmaa | Private | Variable Price | Medium
561,0.07155780753028629,0.09948389825804387,32832,Western and Inland Finland | Etelä-Pohjanmaa | Etelä-Pohjanmaa | Enterprise | Fixed Price | Low
387,0.06511186240457802,0.10215724669919814,32832,Southern Finland | Uusimaa | Espoo | Enterprise | Portfolio | Low
738,0.07019863515168703,0.10333070435343028,32832,Western and Inland Finland | Pohjanmaa | Pohjanmaa | Private | Spot Price | Medium
583,0.0714902828954615,0.10515657178672726,32832,Western and Inland Finland | Etelä-Pohjanmaa | Etelä-Pohjanmaa | Private | Spot Price | Medium
577,0.0698322694862918,0.10540333843932971,32832,Western and Inland Finland | Etelä-Pohjanmaa | Etelä-Pohjanmaa | Private | Fixed Price | Medium
36,0.06503854240298228,0.10643323884367073,32832,Eastern Finland | Pohjois-Karjala | Joensuu | Enterprise | Variable Price | Low
469,0.07313185988817991,0.10649992277054533,32832,Southwestern Finland | Satakunta | Pori | Private | Spot Price | Medium
695,0.07493345067299874,0.11121733431823061,32832,Western and Inland Finland | Pirkanmaa | Pirkanmaa_Others | Private | Spot Price | Medium
235,0.07875111993232178,0.11451357688995864,32832,Northern Finland | Pohjois-Pohjanmaa | Pohjois-Pohjanmaa_Others | Private | Spot Price | Medium
30,0.077407375949338,0.11521168423496818,32832,Eastern Finland | Etelä-Savo | Etelä-Savo | Private | Spot Price | Medium
659,0.07994970556379472,0.11832143343178482,32832,Western and Inland Finland | Keski-Suomi | Keski-Suomi_Others | Private | Spot Price | Medium
116,0.08064448572296076,0.11874971644372655,32832,Eastern Finland | Pohjois-Savo | Pohjois-Savo_Others | Private | Spot Price | Medium
542,0.07834028456594053,0.1189491663001287,32832,Southwestern Finland | Varsinais-Suomi | Varsinais-Suomi_Others | Private | Fixed Price | Medium
213,0.08779042720525036,0.12242601453149116,32832,Northern Finland | Pohjois-Pohjanmaa | Pohjois-Pohjanmaa | Enterprise | Fixed Price | Low
380,0.0902979327628419,0.13139315306381477,32832,Southern Finland | Päijät-Häme | Päijät-Häme_Others | Private | Spot Price | Medium
76,0.09023602112545036,0.13408286242119705,32832,Eastern Finland | Pohjois-Karjala | Pohjois-Karjala_Others | Private | Spot Price | Medium
152,0.13988230300354468,0.20256240810683435,32832,Lapland | Lappi | Lappi | Private | Spot Price | Medium
305,0.14974652750296982,0.2219799886161088,32832,Southern Finland | Kanta-Häme | Kanta-Häme | Private | Spot Price | Medium
233,0.20496627613875024,0.2978537431899896,32832,Northern Finland | Pohjois-Pohjanmaa | Pohjois-Pohjanmaa_Others | Private | Spot Price | High
581,0.20360425168563748,0.3018949467980477,32832,Western and Inland Finland | Etelä-Pohjanmaa | Etelä-Pohjanmaa | Private | Spot Price | High
403,0.22306923667749076,0.32829816352649244,32832,Southern Finland | Uusimaa | Espoo | Private | Variable Price | High
395,0.23111770514693095,0.3494665227242845,32832,Southern Finland | Uusimaa | Espoo | Private | Fixed Price | High
198,0.2432929577121355,0.35356450771510206,32832,Northern Finland | Pohjois-Pohjanmaa | Oulu | Private | Spot Price | High
391,0.26036732262071716,0.36713948684974834,32832,Southern Finland | Uusimaa | Espoo | Enterprise | Spot Price | Medium
400,0.25150734315418355,0.37236841305404406,32832,Southern Finland | Uusimaa | Espoo | Private | Spot Price | High
394,0.2773156442076886,0.4543483987916734,32832,Southern Finland | Uusimaa | Espoo | Enterprise | Variable Price | Medium
150,0.43249148126881387,0.634993364367202,32832,Lapland | Lappi | Lappi | Private | Spot Price | High
657,0.4282608169810962,0.635986628473097,32832,Western and Inland Finland | Keski-Suomi | Keski-Suomi | Private | Spot Price | High
28,0.43271503502394987,0.6416493041529113,32832,Eastern Finland | Etelä-Savo | Etelä-Savo | Private | Spot Price | High
693,0.4489132215018295,0.6713459217335752,32832,Western and Inland Finland | Pirkanmaa | Pirkanmaa | Private | Spot Price | High
74,0.4524262912933048,0.6751683326426482,32832,Eastern Finland | Pohjois-Karjala | Pohjois-Karjala | Private | Spot Price | High
303,0.46092222247949277,0.6992936867741493,32832,Southern Finland | Kanta-Häme | Kanta-Häme | Private | Spot Price | High
378,0.4803749660530191,0.7141613120592976,32832,Southern Finland | Päijät-Häme | Päijät-Häme | Private | Spot Price | High
